title,price,promo
Chaqueta mujer regular Harrington crema FW2,62.99,31.5
Chaqueta mujer regular Harrington crudo FW2,62.99,31.5
Pantal√≥n Hombre Regular Tapered Leeck Mostaza,61.99,38.99
Jean Hombre Regular Straight Larpocket Stone 1 36,61.99,38.99
Jean Hombre Regular Straight Larpocket 35,61.99,38.99
Jean Mujer Wide Leg Stella Prewash FW1,55.99,38.99
Jean Mujer Loose Drew ice 37,55.99,38.99
Jean Mujer Loose Drew pepper 36,55.99,38.99
Jean Hombre Regular Classic Azul FW1,53.99,38.99
Jean Mujer Skinny Scarlet Pepper FW1,53.99,38.99
Jean Hombre Regular Classic Caqui FW1,53.99,38.99
Jean Mujer Loose Jody Straight Crop Stone 3 37,53.99,38.99
Jean Mujer Loose Jody Straight Crop FW1,53.99,38.99
Jean Mujer Skinny High Waist Ivy Stone 2 37,53.99,38.99
Jean Hombre Loose Easton Stone 1 37,53.99,38.99
Jean Hombre Regular Straight Daren Stone 2 SS1,53.99,38.99
Jean Hombre Regular Tapered Austin 35 pepp,53.99,38.99
Jean Hombre Regular Straight Daren Prewash 37,53.99,38.99
Jean Hombre Skinny Malone Gris 37,53.99,38.99
Jean Hombre Regular Straight Daren Prewash FW1,53.99,38.99
Jean Hombre Slim Rider Stone 1 37,53.99,38.99
Jean Mujer Classic Straight Jane Stone 2 37,53.99,38.99
Jean Hombre Slim Tapered Luke Stone 1 37,53.99,38.99
Jean Hombre Regular Tapered Austin Prewash 37,53.99,38.99
Jean Hombre Relax West Stone 2 SS1,53.99,38.99
Jean Hombre Regular Straight Daren Verde,53.99,38.99
Jean Hombre Relax West Stone 2 FW1,53.99,38.99
Jean Mujer Slim Mags Prewash FW1,53.99,38.99
Jean Mujer Skinny High Waist Ivy Pepper FW1,53.99,38.99
Jean Mujer Slim Elly Stone 2 SS1,53.99,38.99
Jean Mujer Classic Straight Marion Stone 2 FW1,53.99,38.99
Jean Hombre Regular Tapered Austin pre wash 2 36,53.99,38.99
Jean Hombre Regular Straight Daren Pepper 36,53.99,38.99
pantalon/slm t luke pre wash 36,53.99,38.99
Jean Hombre Skinny Malone Gris 36,53.99,38.99
Jean Hombre Skinny Malone Pepper 36,53.99,38.99
Jean Hombre Relax West Petrol FW1,53.99,38.99
Jean Mujer Mom Carol Stone 1 37,53.99,38.99
Jean Mujer Mom Carol Blanco 37,53.99,38.99
Jean Mujer Mom Carol Negro 37,53.99,38.99
Jean Mujer Skinny High Waist Ivy Negro 37,53.99,38.99
Jean Hombre Slim Tapared luke canela 36,53.99,38.99
Jean Hombre Regular Tapered Austin Stone 1 36,53.99,38.99
Jean Hombre Slim Rider Grafito 36,53.99,38.99
Jean Hombre Regular Straight Daren Stone 1 36,53.99,38.99
Jean Mujer Classic Straight Jane Pre Wash 37,53.99,38.99
Jean Hombre Loose Asher Stone 3 37,53.99,38.99
Jean Hombre Regular Straight Daren Stone Dirty 36,53.99,38.99
Jean Mujer Skinny High Waist Foreverfit Negro 36,53.99,38.99
Jean Hombre Loose Asher Stone 1 36,53.99,38.99
Jean Hombre Relax West Stone 1,53.99,38.99
Jean Hombre Slim Rider Petrol 37,53.99,38.99
Jean Hombre Regular Tapered Austin 35Stn,53.99,38.99
Jean Hombre Regular Tapered Austin 35 St Dirty,53.99,38.99
Jean Hombre Slim Rider Prewash 37,53.99,38.99
Jean Hombre Slim Rider Pepper 37,53.99,38.99
Jean Hombre Skinny Malone Stone 1 37,53.99,38.99
Jean Hombre Skinny Malone Pepper 37,53.99,38.99
Jean Hombre Slim Luke Prewash 37,53.99,38.99
Jean Hombre Slim Luke Pepper 37,53.99,38.99
